{
  "data": {
    "boxData": [
      [
        -0.9005348205044111,
        -0.28159197816302384,
        0.13775873530212646,
        0.5543005601995228,
        1.1556606505000724
      ],
      [
        -0.7193189190639147,
        -0.23963343103378082,
        0.14989462234788128,
        0.5836180146869323,
        1.2211706682396142
      ],
      [
        -0.755930187163873,
        -0.2719069885036294,
        0.21342691138713382,
        0.7044133389074455,
        1.2615567610021305
      ],
      [
        -0.7871105764916198,
        -0.16112562641852557,
        0.19525903117787397,
        0.6080452040729731,
        1.1923983354420158
      ],
      [
        -0.8575657749609555,
        -0.18811809288635878,
        0.28666770083174503,
        0.5800895160803001,
        1.2046873071398723
      ],
      [
        -0.7689501034514834,
        -0.19452233473839253,
        0.2131992910217281,
        0.641501139461088,
        1.27118238883132
      ],
      [
        -0.8453458955150892,
        -0.2353136113746483,
        0.2263105855377403,
        0.720343461524785,
        1.284656805899594
      ]
    ],
    "outlier": [
      [
        "未来1月",
        0.13296806102721706
      ],
      [
        "未来3月",
        0.20609446216506422
      ],
      [
        "未来6月",
        0.14504271489763443
      ],
      [
        "未来9月",
        0.1784638242594863
      ],
      [
        "未来12月",
        0.26495658270725286
      ],
      [
        "未来2年",
        0.14207150462802418
      ],
      [
        "未来3年",
        0.17328833343304043
      ]
    ],
    "xAxis": [
      "未来1月",
      "未来3月",
      "未来6月",
      "未来9月",
      "未来12月",
      "未来2年",
      "未来3年"
    ]
  },
  "message": "SUCCESS",
  "ret_code": 200
}