{
  "data": {
    "boxData": [
      [
        -0.9005348205044111,
        -0.28159197816302384,
        0.13775873530212646,
        0.5543005601995228,
        1.1556606505000724
      ],
      [
        -0.8951135671023398,
        -0.28073407888295215,
        0.14328335521835436,
        0.5642165324545011,
        1.1642668298305865
      ],
      [
        -0.8938811502376685,
        -0.27911691963895174,
        0.1421962146788287,
        0.5579520777183419,
        1.1559317036203267
      ],
      [
        -0.8917044648226375,
        -0.27687283304654925,
        0.14593135916184555,
        0.5611211275056822,
        1.1593287801210248
      ],
      [
        -0.8917143856147253,
        -0.2763210248655345,
        0.14737327806193035,
        0.5630310029622021,
        1.1618051889572687
      ],
      [
        -0.8983337479165867,
        -0.2733012565523859,
        0.14390662057255185,
        0.5620201660282121,
        1.1639277505132348
      ],
      [
        -0.8948100382080915,
        -0.27486436335300163,
        0.14078404541443013,
        0.5608540329430143,
        1.1643779339535238
      ]
    ],
    "outlier": [
      [
        "未来1月",
        0.13296806102721706
      ],
      [
        "未来3月",
        0.13892858876717995
      ],
      [
        "未来6月",
        0.1339716561954584
      ],
      [
        "未来9月",
        0.13868523709831118
      ],
      [
        "未来12月",
        0.14161988475891846
      ],
      [
        "未来2年",
        0.13629272540803217
      ],
      [
        "未来3年",
        0.13765569215970141
      ]
    ],
    "xAxis": [
      "未来1月",
      "未来3月",
      "未来6月",
      "未来9月",
      "未来12月",
      "未来2年",
      "未来3年"
    ]
  },
  "message": "SUCCESS",
  "ret_code": 200
}